d_type,noise_type,seed,d_char,alloy,length,stress,dydx_mean
partial,SF-noise,3,edge,AlMg10,215,1,-8.213174561390198e-16
partial,SF-noise,3,edge,AlMg10,215,26,9.732057553498567e-16
partial,SF-noise,3,edge,AlMg10,215,39,-5.941937819054811e-15
partial,SF-noise,3,edge,AlMg10,215,46,-2.638092516790355e-15
partial,SF-noise,3,edge,AlMg10,215,51,2.6949621598955647e-10
partial,SF-noise,3,edge,AlMg10,215,101,9.127039230369735e-10
partial,SF-noise,4,edge,AlMg10,215,1,-2.0429099266922853e-14
partial,SF-noise,4,edge,AlMg10,215,26,9.417385671920316e-15
partial,SF-noise,4,edge,AlMg10,215,39,-9.345997328549908e-16
partial,SF-noise,4,edge,AlMg10,215,46,7.285462779790577e-11
partial,SF-noise,4,edge,AlMg10,215,51,1.9762657871140389e-10
partial,SF-noise,4,edge,AlMg10,215,101,7.713314062258589e-10
partial,SF-noise,5,edge,AlMg10,215,1,-1.39641246338131e-15
partial,SF-noise,5,edge,AlMg10,215,51,1.2396254677046402e-15
partial,SF-noise,5,edge,AlMg10,215,56,5.345803247986966e-10
partial,SF-noise,5,edge,AlMg10,215,63,5.572530164155328e-10
partial,SF-noise,5,edge,AlMg10,215,76,6.810835855243461e-10
partial,SF-noise,5,edge,AlMg10,215,101,9.177533528959941e-10
partial,SF-noise,2,edge,AlMg10,215,1,1.5985322106441246e-15
partial,SF-noise,2,edge,AlMg10,215,51,-2.7564736833858e-15
partial,SF-noise,2,edge,AlMg10,215,63,3.820228482778822e-11
partial,SF-noise,2,edge,AlMg10,215,70,4.80066694501362e-10
partial,SF-noise,2,edge,AlMg10,215,76,7.141604569775956e-10
partial,SF-noise,2,edge,AlMg10,215,101,9.5362901620132e-10
partial,SF-noise,15,edge,AlMg10,215,1,-1.2027166055979832e-15
partial,SF-noise,15,edge,AlMg10,215,26,-1.1621317704815434e-14
partial,SF-noise,15,edge,AlMg10,215,39,4.872365893272372e-16
partial,SF-noise,15,edge,AlMg10,215,46,-3.308436733124101e-14
partial,SF-noise,15,edge,AlMg10,215,51,2.023285194117657e-10
partial,SF-noise,15,edge,AlMg10,215,101,8.398739446197716e-10
partial,SF-noise,12,edge,AlMg10,215,1,-3.1306261158740512e-15
partial,SF-noise,12,edge,AlMg10,215,51,-2.450255732722231e-15
partial,SF-noise,12,edge,AlMg10,215,56,-5.0532226966917595e-15
partial,SF-noise,12,edge,AlMg10,215,56,-5.0532226966917595e-15
partial,SF-noise,12,edge,AlMg10,215,63,2.408492268764582e-10
partial,SF-noise,12,edge,AlMg10,215,76,2.3789105860231975e-10
partial,SF-noise,12,edge,AlMg10,215,101,1.080970053814132e-09
partial,SF-noise,19,edge,AlMg10,215,1,-8.160819206457411e-16
partial,SF-noise,19,edge,AlMg10,215,51,-7.0879842296765864e-15
partial,SF-noise,19,edge,AlMg10,215,56,2.2763037731266018e-10
partial,SF-noise,19,edge,AlMg10,215,63,3.1182127909389015e-10
partial,SF-noise,19,edge,AlMg10,215,76,3.7455738120495913e-10
partial,SF-noise,19,edge,AlMg10,215,101,8.571963689866682e-10
partial,SF-noise,17,edge,AlMg10,215,1,-6.854373649613568e-15
partial,SF-noise,17,edge,AlMg10,215,26,-2.0026664697963872e-15
partial,SF-noise,17,edge,AlMg10,215,39,-1.548677450566941e-15
partial,SF-noise,17,edge,AlMg10,215,46,2.5011387682098364e-15
partial,SF-noise,17,edge,AlMg10,215,51,2.2840400091413747e-10
partial,SF-noise,17,edge,AlMg10,215,101,8.272476778334311e-10
partial,SF-noise,10,edge,AlMg10,215,1,1.62711365015959e-14
partial,SF-noise,10,edge,AlMg10,215,51,8.556149088930279e-15
partial,SF-noise,10,edge,AlMg10,215,76,5.7824575437623385e-11
partial,SF-noise,10,edge,AlMg10,215,82,4.952309910903561e-10
partial,SF-noise,10,edge,AlMg10,215,89,6.276984152489258e-10
partial,SF-noise,10,edge,AlMg10,215,101,7.899086159863057e-10
partial,SF-noise,9,edge,AlMg10,215,1,-1.099555672387798e-15
partial,SF-noise,9,edge,AlMg10,215,51,2.3634617867588786e-14
partial,SF-noise,9,edge,AlMg10,215,56,8.53696575236136e-11
partial,SF-noise,9,edge,AlMg10,215,63,3.3251449430956515e-10
partial,SF-noise,9,edge,AlMg10,215,76,2.367745922656884e-10
partial,SF-noise,9,edge,AlMg10,215,101,6.148245592128783e-10
partial,SF-noise,7,edge,AlMg10,215,1,3.9559889336065214e-15
partial,SF-noise,7,edge,AlMg10,215,51,9.51040550220501e-11
partial,SF-noise,7,edge,AlMg10,215,63,1.517475196470856e-13
partial,SF-noise,7,edge,AlMg10,215,70,-2.8114786095548264e-13
partial,SF-noise,7,edge,AlMg10,215,76,6.792678846665417e-10
partial,SF-noise,7,edge,AlMg10,215,101,9.1573889964755e-10
partial,SF-noise,11,edge,AlMg10,215,1,8.567295132238071e-14
partial,SF-noise,11,edge,AlMg10,215,51,-6.187375395928843e-15
partial,SF-noise,11,edge,AlMg10,215,63,9.047868973148358e-11
partial,SF-noise,11,edge,AlMg10,215,70,6.355942067113923e-11
partial,SF-noise,11,edge,AlMg10,215,76,5.793438638246127e-10
partial,SF-noise,11,edge,AlMg10,215,101,8.047592395813577e-10
partial,SF-noise,16,edge,AlMg10,215,1,1.3933957295639866e-15
partial,SF-noise,16,edge,AlMg10,215,26,-6.230019222224515e-15
partial,SF-noise,16,edge,AlMg10,215,39,-5.526715333934358e-16
partial,SF-noise,16,edge,AlMg10,215,46,1.8951145497854683e-10
partial,SF-noise,16,edge,AlMg10,215,51,3.421253599230264e-10
partial,SF-noise,16,edge,AlMg10,215,101,8.956747146502368e-10
partial,SF-noise,20,edge,AlMg10,215,1,1.4072924141121656e-15
partial,SF-noise,20,edge,AlMg10,215,51,3.037396235587604e-14
partial,SF-noise,20,edge,AlMg10,215,63,1.5162702490384247e-11
partial,SF-noise,20,edge,AlMg10,215,70,3.114871570159033e-10
partial,SF-noise,20,edge,AlMg10,215,76,6.227981133316624e-10
partial,SF-noise,20,edge,AlMg10,215,101,9.297358182509746e-10
partial,SF-noise,18,edge,AlMg10,215,1,-5.7769940813139544e-15
partial,SF-noise,18,edge,AlMg10,215,26,-3.661757221948049e-16
partial,SF-noise,18,edge,AlMg10,215,39,3.4574213378878694e-14
partial,SF-noise,18,edge,AlMg10,215,46,3.3859219047581993e-10
partial,SF-noise,18,edge,AlMg10,215,51,2.1593409497853719e-10
partial,SF-noise,18,edge,AlMg10,215,101,7.823220355203594e-10
partial,SF-noise,1,edge,AlMg10,215,1,-1.4872389931637593e-15
partial,SF-noise,1,edge,AlMg10,215,51,8.528542274887733e-15
partial,SF-noise,1,edge,AlMg10,215,63,5.734772956081524e-13
partial,SF-noise,1,edge,AlMg10,215,70,7.829554290040041e-12
partial,SF-noise,1,edge,AlMg10,215,76,1.1026449335116829e-10
partial,SF-noise,1,edge,AlMg10,215,101,7.333914074928552e-10
partial,SF-noise,6,edge,AlMg10,215,1,-3.546573954835442e-15
partial,SF-noise,6,edge,AlMg10,215,26,-1.3179086592656971e-15
partial,SF-noise,6,edge,AlMg10,215,39,1.6916540416008162e-15
partial,SF-noise,6,edge,AlMg10,215,46,1.558179662095866e-11
partial,SF-noise,6,edge,AlMg10,215,51,5.071039684116888e-10
partial,SF-noise,6,edge,AlMg10,215,101,8.310342111999914e-10
partial,SF-noise,8,edge,AlMg10,215,1,-1.6714659035110476e-15
partial,SF-noise,8,edge,AlMg10,215,51,1.786860477109564e-15
partial,SF-noise,8,edge,AlMg10,215,56,-4.520578563898513e-15
partial,SF-noise,8,edge,AlMg10,215,63,2.1150281229740177e-10
partial,SF-noise,8,edge,AlMg10,215,76,2.9070423284780347e-10
partial,SF-noise,8,edge,AlMg10,215,101,8.461334172992021e-10
